INSERT INTO `hero` (`id`, `owner_id`, `name`) VALUES ('11', '1', 'Flash');
INSERT INTO `hero` (`id`, `owner_id`, `name`) VALUES ('12', '2', 'Letho');

INSERT INTO `hero_spell` (`hero_id`, `spell_id`) VALUES ('11', '5');
INSERT INTO `hero_spell` (`hero_id`, `spell_id`) VALUES ('11', '6');
INSERT INTO `hero_spell` (`hero_id`, `spell_id`) VALUES ('11', '7');
INSERT INTO `hero_spell` (`hero_id`, `spell_id`) VALUES ('11', '8');
INSERT INTO `hero_spell` (`hero_id`, `spell_id`) VALUES ('12', '1');
INSERT INTO `hero_spell` (`hero_id`, `spell_id`) VALUES ('12', '2');
INSERT INTO `hero_spell` (`hero_id`, `spell_id`) VALUES ('12', '3');
INSERT INTO `hero_spell` (`hero_id`, `spell_id`) VALUES ('12', '4');

INSERT INTO `hero_squad` (`hero_id`, `squad_id`) VALUES ('11', '1');
INSERT INTO `hero_squad` (`hero_id`, `squad_id`) VALUES ('12', '2');

INSERT INTO `hero_bodypart` (`hero_id`, `bodypart_id`) VALUES ('11', '1');
INSERT INTO `hero_bodypart` (`hero_id`, `bodypart_id`) VALUES ('11', '4');
INSERT INTO `hero_bodypart` (`hero_id`, `bodypart_id`) VALUES ('11', '5');
INSERT INTO `hero_bodypart` (`hero_id`, `bodypart_id`) VALUES ('11', '6');
INSERT INTO `hero_bodypart` (`hero_id`, `bodypart_id`) VALUES ('11', '9');
INSERT INTO `hero_bodypart` (`hero_id`, `bodypart_id`) VALUES ('11', '10');
INSERT INTO `hero_bodypart` (`hero_id`, `bodypart_id`) VALUES ('12', '1');
INSERT INTO `hero_bodypart` (`hero_id`, `bodypart_id`) VALUES ('12', '4');
INSERT INTO `hero_bodypart` (`hero_id`, `bodypart_id`) VALUES ('12', '5');
INSERT INTO `hero_bodypart` (`hero_id`, `bodypart_id`) VALUES ('12', '6');
INSERT INTO `hero_bodypart` (`hero_id`, `bodypart_id`) VALUES ('12', '9');
INSERT INTO `hero_bodypart` (`hero_id`, `bodypart_id`) VALUES ('12', '10');

INSERT INTO `hero_equipment` (`hero_id`, `equipment_id`) VALUES ('11', '2');
INSERT INTO `hero_equipment` (`hero_id`, `equipment_id`) VALUES ('12', '6');
